,name_game,meta_score,user_score,platform,description
0,The Legend of Zelda: Ocarina of Time,99.0,9.1,Nintendo 64,"As a young boy, Link is tricked by Ganondorf, the King of the Gerudo Thieves. The evil human uses Link to gain access to the Sacred Realm, where he places his tainted hands on Triforce and transforms the beautiful Hyrulean landscape into a barren wasteland. Link is determined to fix the problems he helped to create, so with the help of Rauru he travels through time gathering the powers of the Seven Sages."
1,SoulCalibur,98.0,8.4,Dreamcast,"This is a tale of souls and swords, transcending the world and all its history, told for all eternity... The greatest weapons-based fighter returns, this time on Sega Dreamcast. Soul Calibur unleashes incredible graphics, fantastic fighters, and combos so amazing they'll make your head spin!"
2,Super Mario Galaxy,97.0,9.1,Wii,"[Metacritic's 2007 Wii Game of the Year] The ultimate Nintendo hero is taking the ultimate step ... out into space. Join Mario as he ushers in a new era of video games, defying gravity across all the planets in the galaxy. When some creature escapes into space with Princess Peach, Mario gives chase, exploring bizarre planets all across the galaxy. Mario, Peach and enemies new and old are here. Players run, jump and battle enemies as they explore all the planets in the galaxy. Since this game makes full use of all the features of the Wii Remote, players have to do all kinds of things to succeed: pressing buttons, swinging the Wii Remote and the Nunchuk, and even pointing at and dragging things with the pointer. Since he's in space, Mario can perform mind-bending jumps unlike anything he's done before. He'll also have a wealth of new moves that are all based around tilting, pointing and shaking the Wii Remote. Shake, tilt and point! Mario takes advantage of all the unique aspects of the Wii Remote and Nunchuk controller, unleashing new moves as players shake the controller and even point at and drag items with the pointer. [Nintendo]"
3,Super Mario Galaxy 2,97.0,9.1,Wii,"Super Mario Galaxy 2, the sequel to the galaxy-hopping original game, includes the gravity-defying, physics-based exploration from the first game, but is loaded with entirely new galaxies and features to challenge players. On some stages, Mario can pair up with his dinosaur buddy Yoshi and use his tongue to grab items and spit them back at enemies. Players can also have fun with new items such as a drill that lets our hero tunnel through solid rock. [Nintendo]"
4,Tony Hawk's Pro Skater 3,97.0,7.5,PlayStation 2,Challenge up to four friends in online competitions over a LAN or the Internet.  Take them on in both Trick Attack and Graffiti modes. [Activision]
5,Perfect Dark,97.0,8.8,Nintendo 64,"Step into the Dark... As Carrington Institute's most promising new Agent, Joanna Dark must uncover the truth behind the dataDyne Corporation's recent technological breakthroughs - breakthroughs which could have serious consequences for mankind."
6,Disco Elysium: The Final Cut,97.0,8.3,PC,"Disco Elysium - The Final Cut is the definitive edition of the smash-hit RPG. Pursue your political dreams in new quests, meet and question more of the city's locals, and explore a whole extra area. Full voice-acting, controller support, and expanded language options also included. Get even more out of this award-winning open world. You're a detective with a unique skill system at your disposal and a whole city block to carve your path across. Interrogate unforgettable characters, crack murders, or take bribes. Become a hero or an absolute disaster of a human being."
7,Metroid Prime,97.0,8.6,GameCube,"Samus returns in a new mission to unravel the mystery behind the ruined walls scattered across Tallon IV. In Metroid Prime, you'll play the role of this bounty hunter and view the world through her visor, which displays information ranging from current energy levels to ammunition. Equipped with a Power Beam and Gravity Suit, you must shoot locked switches, solve puzzles, and eliminate enemies. It's up to you to explore the world and recover more power-ups and weapons, which gradually open more gameplay areas."
8,Grand Theft Auto III,97.0,8.4,PlayStation 2,"Players are put at the heart of their very own gangster movie, and let loose in a fully-realised 3 dimensional city with a cast of hundreds, 50 plus vehicles, ranging from sports cars to ice cream trucks and from boats to buses, 3 hours of music, including opera, reggae, house, drum and bass, pop and disco, and a huge array of street ready weapons.  [Rockstar Games]"
9,Super Mario Odyssey,97.0,8.9,Switch,"New Evolution of Mario Sandbox-Style Gameplay. Mario embarks on a new journey through unknown worlds, running and jumping through huge 3D worlds in the first sandbox-style Mario game since Super Mario 64 and Super Mario Sunshine. Set sail between expansive worlds aboard an airship, and perform all-new actions, such as throwing Mario's cap."
10,Halo: Combat Evolved,97.0,8.7,Xbox,"Enter the mysterious world of Halo, an alien planet shaped like a ring.  As mankind's super soldier Master Chief, you must uncover the secrets of Halo and fend off the attacking Covenant.  During your missions, you'll battle on foot, in vehicles, inside, and outside with alien and human weaponry.  Your objectives include attacking enemy outposts, raiding underground labs for advanced technology, rescuing fallen comrades, and sniping enemy forces.  Halo also lets you battle three other players via intense split screen combat or fight cooperatively with a friend through the single-player missions."
11,The House in Fata Morgana - Dreams of the Revenants Edition -,97.0,8.2,Switch,"A gothic suspense tale set in a cursed mansion. ‘The House in Fata Morgana’ is a full-length visual novel spanning nearly a millennium that deals in tragedy, human nature, and insanity. This version includes three games and more:
    1: The House in Fata Morgana: the main storyline.
    2: A Requiem for Innocence: a prequel shedding light on the origins of Fata Morgana’s terrible curse.
    3: Reincarnation: a sequel featuring the central cast members reincarnated in the present day. *The part including voices
    4: Other additional short stories."
12,NFL 2K1,97.0,6.2,Dreamcast,"In the end, NFL 2K1 is a deeper, more refined version of the original game."
13,Half-Life 2,96.0,9.2,PC,"[Metacritic's 2004 PC Game of the Year]  By taking the suspense, challenge and visceral charge of the original, and adding startling new realism and responsiveness, Half-Life 2 opens the door to a world where the player's presence affects everything around him, from the physical environment to the behaviors -- even the emotions -- of both friends and enemies. The player again picks up the crowbar of research scientist Gordon Freeman, who finds himself on an alien-infested Earth being picked to the bone, its resources depleted, its populace dwindling. Freeman is thrust into the unenviable role of rescuing the world from the wrong he unleashed back at Black Mesa. And a lot of people -- people he cares about -- are counting on him. [Vivendi Universal]"
14,GoldenEye 007,96.0,9.0,Nintendo 64,You are Bond. James Bond. You are assigned covert operations connected with the GoldenEye weapons satellite. M will brief you on your mission and objectives from London. Q Branch will support your efforts with a plentiful supply of weapons and gadgets. Moneypenny offers you light-hearted best wishes and you're off! Your mission begins in the heavily guarded chemical warfare facility at the Byelomorye Dam in the USSR. Look and shoot in any direction as you navigate 12 interactive 3-D environments. Use stealth and force as you see fit in matters of international security. Consider the military personnel expendable. You are licensed to kill!
15,Uncharted 2: Among Thieves,96.0,8.8,PlayStation 3,"Fortune hunter Nathan Drake returns in Uncharted 2: Among Thieves, a third-person action-adventure/shooter created by award-winning developer Naughty Dog. Down on his luck, Drake is lured back into the treacherous world of thieves and mercenary treasure-seekers he had sought to leave behind. When a mysterious artifact propels Drake on an expedition to find the legendary Himalayan valley of Shambhala, he finds himself embroiled in a dangerous game of cat-and-mouse against a fugitive war criminal who’s after more than just the fabled riches of the lost city. Caught in a web of deception and plunged into an increasingly deadly pursuit that tests the limits of his endurance, Drake will be forced to risk everything - but has his luck finally run out? [SCEA]"
16,Tekken 3,96.0,9.1,PlayStation,"An ancient evil force has reawakened, attacking in secret and feeding on the souls of mighty warriors. To lure it out of hiding will take the greatest fighting contest the world has ever seen...Tekken 3. Some are fighting for revenge, some for honor, Ultimately, all are fighting for their lives and the fate of all mankind."
17,Half-Life,96.0,9.1,PC,"Half-Life combines great storytelling in the tradition of Stephen King with intense action and advanced technology to create a frighteningly realistic world where players need to think smart to survive. Half-Life has won more than 50 Game of the Year awards from publications around the world, and was named 'Best PC Game Ever' in PC Gamer's November 1999 issue. [Sierra]"
18,The Legend of Zelda: The Wind Waker,96.0,9.0,GameCube,"In this ninth entry in the Legend of Zelda series, Link debuts on GameCube with a fun new cel-shaded look, but the game stays true to the respected heritage of the series. The classic mix of sword-swinging action, perplexing puzzles and stirring story lines remains intact, but the stunning cel-shaded graphics give the people and places of Link's watery world a wildly artistic new look. And for the very first time, Link sails freely on the high seas. Join Link on his most epic and scenic adventure yet. Face unimaginable monsters, explore puzzling dungeons, and meet a cast of unforgettable characters as he searches for his kidnapped sister, Aryll."
19,Gran Turismo,96.0,8.6,PlayStation,"Welcome to the most advanced racing game ever created! Encounter exhilarating high-speed racing in 11 stunning environments. Feel handling agility and throttle response so convincing, the car seems to be an extension of yourself. Experience the extraordinary world of Gran Turismo!"
20,Metal Gear Solid 2: Sons of Liberty,96.0,8.8,PlayStation 2,"Since the incident on Shadow Moses Island, Metal Gear's top-secret technology has been leaked into the black market through the machinations of Revolver Ocelot. As a result, countless variations of Metal Gears have sprung up in every corner of the globe, making the weapon an increasingly common component of the armed forces of nuclear powers. 
In the midst of all of this, Solid Snake, now a member of the anti-Metal Gear group ""Philanthropy,"" has learned that a new prototype Metal Gear has been developed by the U.S. Marines and is being transported in secret to an unknown destination. To learn more about this new machine, Snake must infiltrate the transport, disguised as a tanker, as it makes its way down the Hudson River. Just as Snake is about to begin his mission, however, the ship is seized by a mysterious and well-armed group bent on stealing the new Metal Gear for their own, nefarious purposes. [Konami]"
21,Grand Theft Auto Double Pack,96.0,8.1,Xbox,"From the dark and seedy streets of Liberty City's underworld to the glamorous hedonism of Vice City of the 1980s, the Grand Theft Auto double-pack takes you through the huge worlds of Grand Theft Auto III and it's sequel Vice City. The highly controversial Grand Theft Auto III gives you the freedom to go anywhere and jack anyone, putting the dark, intriguing and ruthless world of crime at your fingertips. Vice City is an entirely new game set in the '80s, preserving and adding to the free-roaming gameplay, cinematic graphics and immersive audio experience that made the Grand Theft Auto III so popular."
22,Tetris Effect: Connected,96.0,9.2,Switch,"Tetris Effect: Connected is the original Tetris Effect with all-new co-op and competitive online and local multiplayer modes. This is Tetris like you've never seen it, or heard it, or felt it beforean incredibly addictive, unique and breathtakingly gorgeous reinvention of one of the most popular puzzle games of all time."
23,Baldur's Gate II: Shadows of Amn,95.0,9.1,PC,"An epic continuation of the story that began in ""Baldur's Gate,"" this RPG is set along the southern portion of the Sword Coast, a detailed and rich area of the Forgotten Realms called Amn. It features 300 spells and 130-plus monster types compared to only 130 spells and 60 monster types in Baldur's Gate. [Interplay]"
24,Grand Theft Auto: San Andreas,95.0,9.1,PlayStation 2,"[Metacritic's 2004 PS2 Game of the Year]  Five years ago Carl Johnson escaped from the pressures of life in Los Santos, San Andreas... a city tearing itself apart with gang trouble, drugs and corruption. Where filmstars and millionaires do their best to avoid the dealers and gangbangers. Now, it's the early 90s. Carl's got to go home. His mother has been murdered, his family has fallen apart and his childhood friends are all heading towards disaster. On his return to the neighborhood, a couple of corrupt cops frame him for homicide. CJ is forced on a journey that takes him across the entire state of San Andreas, to save his family and to take control of the streets. [Rockstar]"
25,LittleBigPlanet,95.0,6.8,PlayStation 3,"In LittleBigPlanet Players meet on a blue and green planet scattered with individual plots – and use their character's amazing abilities to play, create and share what they build with other gamers throughout the world via the Playstation Network. The LittleBigPlanet experience starts with players learning about their character’s powers to interact physically with the environment. There are places to explore, creative resources to collect and puzzles to solve – all requiring a combination of brains and collaborative teamwork. As soon as players begin their creative skills will grow and they will soon be ready to start creating and modifying their surroundings – the first step to sharing them with the whole community.Characters have the power to move anything in this glued and stitched-together 3D landscape; they have the power to design, shape and build both objects and entire locations for others to view and play. There’s no complicated level editor; all of these skills can be learned by simply playing the game. Creativity is part of the gameplay experience and playing is part of the creative experience. Players can make their world as open or as secretive to explore as they like. When it’s ready, they can invite anyone within the LittleBigPlanet community to come and explore their patch – or can go and explore everybody else's. [SCEA]"
26,The Legend of Zelda Collector's Edition,95.0,8.9,GameCube,"Receive Four Complete Classic Zelda games all on one disc when you buy the Zelda GameCube Bundle: The Legend of Zelda, Zelda II - The adventure of Link, The Legend of Zelda: Ocarina of Time, The Legend of Zelda: Majora's Mask. The disc also includes: Playable Demo of the Legend of Zelda: The Wind Waker, Zelda Retrospective Movie, The Legend of Zelda: The Wind Waker Movie Preview."
27,Gran Turismo 3: A-Spec,95.0,8.4,PlayStation 2,"With the addition of two new courses (a downtown Tokyo circuit and the Monte Carlo Grand Prix course), an impressive range of cars (from Vipers to Cooper Minis), and a soundtrack featuring everything from Lenny Kravitz to Jimi Hendrix, this highly anticipated title is finally ready to be driven."
28,Halo 2,95.0,8.7,Xbox,"The Covenant alien race threatens to destroy all humankind, and the only thing standing in its way is Master Chief, a genetically enhanced supersoldier. Master Chief returns in Halo 2, which features new vehicles, weapons, environments, and more. This time, you can interact with your environment, wield two weapons at the same time, board opponents' vehicles, and even switch sides to play the role of a Covenant Elite. Halo 2 also supports broadband multiplayer action via Xbox Live."
29,The Legend of Zelda: A Link to the Past,95.0,9.0,Game Boy Advance,"Now you have a link to one of the greatest adventures in The Legend of Zelda series.  The Legend of Zelda: A Link to the Past revives the classic SNES game on the Game Boy Advance and adds a new multiplayer mode.  In a Link to the Past, Link travels between the light world and the dark world, conquering fierce monsters and uncovering Hyrule's deepest secrets along the way.  Also included is Four Swords, which lets you play with up to three other players, slashing through dungeons and collecting rupees.  Whether you choose solo or competitive play, The Legend of Zelda will keep you occupied with its brain-bending puzzles and fun swashbuckling action."
30,The Legend of Zelda: Majora's Mask,95.0,9.1,Nintendo 64,"Thrown into a parallel world by the mischievous actions of a possessed Skull Kid, Link finds a land in grave danger. The dark power of a relic called Majora's Mask has wreaked havoc on the citizens of Termina, but their most urgent problem is a suicidal moon crashing toward the world. Link has only 72 hours to find a way to stop its descent."
31,The Last of Us,95.0,9.2,PlayStation 3,"Twenty years after a pandemic radically transformed known civilization, infected humans run amuck and survivors kill one another for sustenance and weapons - literally whatever they can get their hands on. Joel, a salty survivor, is hired to smuggle a fourteen-year-old girl, Ellie, out of a rough military quarantine, but what begins as a simple job quickly turns into a brutal journey across the country."
32,Madden NFL 2003,95.0,7.6,PlayStation 2,"Take Your Game Online: Access an online community where you can meet, chat, and play head-to-head against other gamers. Audio Dream Team: Dynamic play-by-play and analysis by Madden and Michaels. All-New Mini-camp: Hop on John Madden's Cruiser Tour Bus and travel to all NFL cities to complete skilled tasks. Create-A-Playbook: Customize receiver routes, player formations, and your team's entire playbook. Deepest Franchise Mode Ever: Play 30 years of Franchise mode and draft players each season with tips from your scouts. [EA Sports]"
33,Persona 5 Royal,95.0,8.4,PlayStation 4,"Prepare for an all-new RPG experience in Persona 5 Royal based in the universe of the award-winning series, Persona! Don the mask of Joker and join the Phantom Thieves of Hearts. Break free from the chains of modern society and stage grand heists to infiltrate the minds of the corrupt and make them change their ways! Persona 5 Royal is packed with new characters, confidants, story depth, new locations to explore, and a new grappling hook mechanic for stealthy access to new areas. With a new semester at Shujin Academy, get ready to strengthen your abilities in the metaverse and in your daily life. Persona 5 Royal presents a unique visual style and award nominated composer Shoji Meguro returns with an all-new soundtrack. Explore Tokyo, unlock new Personas, customize your own personal Thieves Den, discover a never-before-seen story arc, cutscenes, alternate endings, and more! Even for the most seasoned Phantom Thieves among us, Persona 5 Royal is a new challenge to defy conventions, discover the power within, and fight for justice. Wear the mask. Reveal your truth."
34,The Last of Us Remastered,95.0,9.2,PlayStation 4,"The Last of Us has been rebuilt for the PlayStation4 system. Now featuring full 1080p, higher resolution character models, improved shadows and lighting, in addition to several other gameplay improvements. 20 years after a pandemic has radically changed known civilization, infected humans run wild and survivors are killing each other for food, weapons; whatever they can get their hands on. Joel, a violent survivor, is hired to smuggle a 14 year-old girl, Ellie, out of an oppressive military quarantine zone, but what starts as a small job soon transforms into a brutal journey across the U.S. The Last of Us Remastered includes the Abandoned Territories Map Pack, Reclaimed Territories Map Pack, and the critically acclaimed The Last of Us: Left Behind Single Player campaign that combines themes of survival, loyalty, and love with tense, survival-action gameplay.

Remastered Features:
-Explore a brutal post-pandemic world, fully realized with the power of PlayStation4 system
-Includes additional game content: over $30 in value
-Delve into Ellies past in Left Behind, the single-player prequel chapter
-Eight new multiplayer maps in the Abandoned and Reclaimed Territories packs
-In-game cinematic commentary from the cast and creative director"
35,Metal Gear Solid V: The Phantom Pain,95.0,7.5,Xbox One,"Following the prologue METAL GEAR SOLID V: GROUND ZEROES, METAL GEAR SOLID V: THE PHANTOM PAIN concludes the METAL GEAR SOLID V experience by following the story of the protagonist of the series, Big Boss (a.k.a. Snake). The METAL GEAR SOLID V experience is Creator and Director Hideo Kojima's first time incorporating open world gameplay to the groundbreaking METAL GEAR franchise."
36,World of Goo,94.0,8.7,Wii,"[WiiWare]  World of Goo is a physics based puzzle / construction game. The millions of Goo Balls that live in the beautiful World of Goo don't know that they are in a game, or that they are extremely delicious. [2D Boy]"
37,Final Fantasy IX,94.0,9.0,PlayStation,"The last Final Fantasy for the PlayStation, Final Fantasy IX returns to the pure fantasy roots that spawned the series.  This latest installment features highly detailed characters, vehicles, and environments, and breathtaking cinema-graphics.  The addition of brand new features such as the story-enhancing Active Time Event system and the return of minigames that grant additional gameplay make Final Fantasy IX not only a memorable gaming experience, but also a significant step forward in the series."
38,Call of Duty: Modern Warfare 2,94.0,6.6,PlayStation 3,"Modern Warfare 2 continues the gripping and heart-racing action as players face off against a new threat dedicated to bringing the world to the brink of collapse. An entirely new gameplay mode which supports 2-player co-operative play online that is unique from the single player story campaign. Special Ops pits players into a gauntlet of time-trial and objective-based missions. Rank-up as players unlock new Special Ops missions, each more difficult. Missions include highlights from the single player campaign, fan favorites from Call of Duty 4: Modern Warfare and all new, exclusive missions. Setting a new bar for online multiplayer, Modern Warfare 2 multiplayer delivers new capabilities, customization, gamestates and modes, including: Create-a-Class Evolved. Secondary Weapons - Machine Pistols, Shotguns, Handguns, Launchers. Riot Shields. Equipment - Throwing Knives, Blast Shield, Tactical Insertion. Perk Upgrades. Bling (Dual Attachments). Customizable Killstreaks - AC130, Sentry Gun, Predator Missile, Counter-UAV, Care Package. Accolades (Post match reports). [Activision]"
39,God of War,94.0,9.2,PlayStation 4,"His vengeance against the gods of Olympus far behind him, Kratos now lives as a man in the lands of Norse Gods and monsters. It is in this harsh, unforgiving world that he must fight to survive… and teach his son to do the same. As mentor and protector to a son determined to earn his respect, Kratos is faced with an unexpected opportunity to master the rage that has long defined him. Questioning the dark lineage he’s passed on to his son, he hopes to make amends for the shortcomings of his past. Set within the untamed forests, mountains, and realms of Norse lore, God of War features a distinctly new setting with its own pantheon of creatures, monsters, and gods. [Playstation.com]"
40,Tony Hawk's Pro Skater 4,94.0,8.4,PlayStation 2,"Build your skills, earn respect, and show that you've got what it takes to Go Pro.  190 progressively harder goals. No time clock, no constraints. Pro-specific challenges. Evolving levels. Interact with other skaters. Multi-player modes. Customize your game...Your career is what you make of it. [Activision]"
41,Devil May Cry,94.0,8.6,PlayStation 2,"In a large American metropolis, a man named Dante, a private investigator of the supernatural, is seeking revenge for the death of his mother and brother. The world is waiting, for Dante is no ordinary man, and with his father's sword in hand, he must enter the demon realm and avenge mankind.  [Capcom]"
42,Madden NFL 2002,94.0,7.3,PlayStation 2,"The industry football standard returns featuring the Houston Texans, new player face and body technology, the ability to create your own team with custom helmets, uniforms, and stadiums, and a new training mode that let's you learn from Madden, the master himself."
43,The Legend of Zelda: Ocarina of Time 3D,94.0,9.0,3DS,"The Legend of Zelda: Ocarina of Time 3D takes the best-reviewed game of all time for a brand-new experience. Now in 3D all of the graphic textures and colors have been vastly improved, taking advantage of the considerable graphic power of the Nintendo 3DS system. This game tells the epic story of Hyrule and Link™, Zelda™, and Ganondorf in remarkable depth and gives context to the many tales of their struggles. As such, this title represents a perfect entry point for players new to the Zelda franchise. Phenomenally Improved Graphics Beyond even the incredible 3D effect, every graphic texture and character model has been lovingly built from the ground up to create the most dynamic and vivid vision of Zelda’s kingdom yet. This is Hyrule as you’ve always imagined it. Playing the Ocarina Link needs to play the eponymous Ocarina of Time many, many times over the course of the game. This involves a specific series of button presses to play one of the twelve songs in the game. In the original title, you would need to assign the ocarina to an item slot, then likely review the button prompts to your song, then play them from memory. The Nintendo 3DS version has the ocarina constantly available on the Touch Screen, and playing with the button prompts for each song right in front of you. Enhanced Game play While the greatest care has been taken to preserve the classic game play and story, a number of new features make this the definitive version of this extraordinary game."
44,Chrono Cross,94.0,8.8,PlayStation,"Featuring a storyline developed by the creator of Chrono Trigger and Xenogears, Chrono Cross has been christened the ""Best RPG Creation"" by its development team. With multiple scenarios cast along a single story thread, and many different endings, each replay can result in an entirely new adventure. In addition, a brand new battle system makes combat smooth and innovative by introducing an element field system and combo system that gives the player unparalleled flexibility in their fighting options. The elimination of random battles also quickens the pace of the game, and places the choice of where to battle in the player's hands. With character designs by a famed Japanese illustrator and music by the original Chrono Trigger composer, Chrono Cross features visuals and sounds that bring its magic to life."
45,Celeste,94.0,7.4,Xbox One,"Help Madeline survive her journey to the top of Celeste Mountain in this super-tight, hand-crafted platformer from the creators of TowerFall."
46,Madden NFL 2004,94.0,8.3,PlayStation 2,"[Metacritic's 2003 Playstation 2 Game of the Year] Key Features for 2004 include New Playmaker Control - Make pre-snap adjustments to your receiver routes, direct receiver routes during a scramble, direct blocking down field during a run, or read and react to the offense to deliver a crushing tackle; New Owner Mode - Hire your own staff, set your team's ticket prices, build your own stadium, reward key players with signing bonuses and boost player attributes in Mini-Camp drills; Most Realistic NFL Playbooks Ever -  Tons of new trick plays, multiple formation variations, and the deepest NFL playbooks from all 32 officially licensed Coaches Club Head Coaches; New Animations and Enhancements - New QB scramble transitions to improve throwing on the run, stumbles, open field blocks, whirlwind defensive reaction moves, sideline wrap tackles, and out of bound pushes. [Electronic Arts]"
47,Gears of War,94.0,8.4,Xbox 360,"Gears of War blends tactical action with survival horror and thrusts gamers into a deep and harrowing story of humankind's epic battle for survival against the Locust Horde, a nightmarish race of creatures that surface from the bowels of the planet. Lead war hero Marcus Fenix and his fire team as they face the onslaught of merciless warrior fiends. A revolutionary tactical combat system and breathtaking, high-definition visuals from the Unreal Engine 3 immerse you in a horrifying story of war and survival. A.I. teammates are indiscernable from human players. Voice recognition and real-time lip synching heighten the experience. The battlefield is a lethal place. To survive, suppress your enemy with blindfire, take cover in interactive environments, or use weapons and teammates to outwit your foes. [Microsoft]"
48,Sid Meier's Civilization II,94.0,8.8,PC,"An empire-building turn-based strategy game. The game starts at the Old Stone Age in 4000 BC. Your tribe begins with a Settlers unit and has no knowledge about the surrounding area. As you found new cities and explore the surroundings, you may find hostile barbarians, villages, and other competing cultures. [Civ Fantatics' Center]"
49,Quake,94.0,8.8,PC,"Rage through 32 single player levels and 6 deathmatch levels of sheer terror and fully immersive sound and lighting. Arm yourself against the cannibalistic Ogre, fiendish Vore and indestructible Schambler using letal nails, fierce Thunderbolts and abominable Rocket and Grenade Launchers. [id Software]"
50,Halo 3,94.0,8.1,Xbox 360,"Halo 3 is the third game in the Halo Trilogy and provides the thrilling conclusion to the events begun in ""Halo: Combat Evolved."" Halo 3 picks up where ""Halo 2"" left off. The Master Chief is returning to Earth to finish the fight. The Covenant occupation of Earth has uncovered a massive and ancient object beneath the African sands - an object who's secrets have yet to be revealed. Earth's forces are battered and beaten. The Master Chief's AI companion Cortana is still trapped in the clutches of the Gravemind - a horrifying Flood intelligence, and a civil war is raging in the heart of the Covenant. This is how the world ends... [Bungie]"
51,Ninja Gaiden Black,94.0,8.8,Xbox,"In Ninja Gaiden Black you can reprise the role of Ryu Hayabusa, ninja extraordinaire. This sequel to Ninja Gaiden supplies a new story and new missions, plus two more difficulty settings and cinematic cut scenes that provide background about the protagonist. Ninja Gaiden Black also incorporates the additional content from Hurricane Packs 1 and 2 and includes unlockable content such as the original arcade version of Ninja Gaiden. Ninja Gaiden Black includes online features for keeping track of karma points on the online leader board."
52,Street Fighter IV,94.0,7.4,PlayStation 3,"Street Fighter IV features a mix of returning favourites such as Ryu, Ken, Chun-Li and Guile along with new characters created exclusively for this game such as Crimson Viper, Abel, El Fuerte, and Rufus. Characters and environments are rendered in high definition 3D, while the game is played in the classic Street Fighter 2D perspective with additional 3D camera flourishes. Six-button controls for the game return, with a host of new special moves and features integrated into the input system. Street Fighter IV also incorporates state of the art online match making and worldwide online gameplay. Mixing classic genre-defining game mechanics the franchise is known and loved for with all-new, never-before-seen gameplay systems, Street Fighter IV brings a brand new fighting game to fans the world over. With the inclusion of Capcom's latest advancements in new generation technology, Street Fighter IV promises to deliver an extraordinary experience that will re-introduce the world to the time-honoured art of virtual martial arts. New special moves that go beyond any Street Fighter fan's wildest imagination, including Focus attacks, Super Combos, and the revenged-fueled Ultra Combo system. Classic Street Fighter characters recreated for a new generation of gamers, including the original cast of Street Fighter II. New brawlers: female super-spy Crimson Viper, lucha libre wrestler El Fuerte, mixed martial artist Abel and more. New gameplay elements provide new challenges for both newcomers and the most seasoned Street Fighter pro. Online gameplay features, including instantaneous online challenges, versus mode, tournament mode, and world wide online gameplay. [Capcom]"
53,Super Mario Advance 4: Super Mario Bros. 3,94.0,8.9,Game Boy Advance,"A combination of exciting platforming action, wild power-ups, and charming Mario style has made Super Mario Bros. 3 a classic.  With Super Mario Advance 4: Super Mario Bros. 3, you have your chance to partake in the special adventure anywhere you go on your Game Boy Advance.  Your mission is to rescue the Mushroom Kingdom monarchs who have been transformed into animals by Bowser and his mischievous offspring, and in the process save the princess kidnapped by Bowser.  Traverse eight huge worlds and encounter fun minigames and frantic boss battles as you explore the first Mario game to use an overworld map."
54,Jet Grind Radio,94.0,8.3,Dreamcast,"Join a graffiti crew, stamp your territory and protect it from rival taggers, but watch out for the angry cops!"
55,Metal Gear Solid,94.0,9.2,PlayStation,"You are Snake, a government agent on a mission to regain control of a secret nuclear weapons base from terrorist hands. Lightly armed and facing an army of foes, Snake must avoid firefights in order to survive. If Snake can locate them he can utilize advanced hardware, ranging from silenced pistols to ground-to-air missiles. Enemies react to sight and sound - so stay quiet and stay in the shadows. State-of-the-art graphics: textures, transparencies, models and explosions. Taut, gripping story with multiple endings - a truly cinematic experience."
56,Grim Fandango,94.0,9.1,PC,"Something's rotten in the Land of Dead and you're being played for a sucker.  Meet Manny Calavera, travel agent at the Department of Death. He sells luxury packages to souls on their four-year journey to eternal rest. But there's trouble in paradise.  Help Manny untangle himself from a conspiracy that threatens his very salvation. [LucasArts]"
57,Batman: Arkham City,96.67,68.3,"['PlayStation', 'Dreamcast', 'Game Boy Advance']","Hawks back, in the worlds first 3D handheld skating game, and hes brought new pros (Caballero, Koston, Mullen), New tricks (Bluntsides, BS/FS Nose-and Tailsides, Heelflip Varials, Airwalks, and more), and new terrain (Insane street and vert levels) Tony Hawks Pro Skater 2 for Game Boy Advance. Get your hands on a legend."
58,BioShock,98.0,78.0,"['PlayStation 3', 'Xbox 360']","What does the American Dream mean today? For Niko Belic, fresh off the boat from Europe. It's the hope he can escape his past. For his cousin, Roman, it is the vision that together they can find fortune in Liberty City, gateway to the land of opportunity. As they slip into debt and are dragged into a criminal underworld by a series of shysters, thieves and sociopaths, they discover that the reality is very different from the dream in a city that worships money and status, and is heaven for those who have them an a living nightmare for those who don't. [Rockstar Games]"
59,BioShock Infinite,97.0,82.5,"['Xbox One', 'PlayStation 4']","Developed by the creators of Grand Theft Auto V and Red Dead Redemption, Red Dead Redemption 2 is an epic tale of life in America’s unforgiving heartland. The game’s vast and atmospheric world also provides the foundation for a brand new online multiplayer experience. America, 1899. The end of the Wild West era has begun. After a robbery goes badly wrong in the western town of Blackwater, Arthur Morgan and the Van der Linde gang are forced to flee. With federal agents and the best bounty hunters in the nation massing on their heels, the gang has to rob, steal and fight their way across the rugged heartland of America in order to survive. As deepening internal fissures threaten to tear the gang apart, Arthur must make a choice between his own ideals and loyalty to the gang that raised him. [Rockstar]"
60,Call of Duty 4: Modern Warfare,96.8,81.4,"['Xbox One', 'PlayStation 3', 'Xbox 360', 'PlayStation 4', 'PC']","The sprawling sun-soaked metropolis of Los Santos is chock full of self-help coaches, starlets and C-List celebrities, once on top of the media world, now struggling to stay relevant in time of economic malaise and lowest-common-denominator reality TV. Amidst this madness, three unique criminals plan their own chances of survival and success: Franklin, a street-level hustler in search of opportunities for serious money; Michael, an ex-con whose ""retirement"" is a less rosy than he hoped it would be; and Trevor, a violent dude driven by the chance for a quick high and the next big score. Nearly out of options, the crew risks it all in a series of daring and dangerous heists that could set them up for life - one way or the other."
61,Grand Theft Auto IV,96.5,85.0,"['Switch', 'Wii U']","Ignore everything you know about The Legend of Zelda games. Step into a world of discovery, exploration and adventure in The Legend of Zelda: Breath of the Wild. Travel across fields, through forests and to mountain peaks as you discover what has become of the ruined kingdom of Hyrule in this stunning open-air adventure. Explore the wilds of Hyrule any way you like - Climb up towers and mountain peaks in search of new destinations, then set your own path to get there and plunge into the wilderness. Along the way, you'll battle towering enemies, hunt wild beasts and gather ingredients for the food and elixirs you'll need to sustain you on your journey. More than 100 Shrines of Trials to discover and explore - Shrines dot the landscape, waiting to be discovered in any order you want. Search for them in various ways, and solve a variety of puzzles inside. Work your way through the traps and devices inside to earn special items and other rewards that will help you on your adventure. Be prepared and properly equipped - With an entire world waiting to be explored, you'll need a variety of outfits and gear to reach every corner. You may need to bundle up with warmer clothes or change into something better suited to the desert heat. Some clothing even has special effects that, for example, can make you faster and stealthier. [Nintendo]"
62,Grand Theft Auto V,95.33,87.0,"['Xbox 360', 'PC', 'PlayStation 3']","Going beyond ""run and gun corridors,"" ""monster-closet AIs"" and static worlds, BioShock creates a living, unique and unpredictable FPS experience. After your plane crashes into icy uncharted waters, you discover a rusted bathysphere and descend into Rapture, a city hidden beneath the sea. Constructed as an idealistic society for a hand picked group of scientists, artists and industrialists, the idealism is no more. Now the city is littered with corpses, wildly powerful guardians roam the corridors as little girls loot the dead, and genetically mutated citizens ambush you at every turn. Take control of your world by hacking mechanical devices, commandeering security turrets and crafting unique items critical to your very survival. Upgrade your weapons with ionic gels, explosives and toxins to customize them to the enemy and environment. Genetically modify your body through dozens of Plasmid Stations scattered throughout the city, empowering you with fantastic and often grotesque abilities. Explore a living world powered by Ecological A.I., where the inhabitants have interesting and consequential relationships with one another that impact your gameplay experience. Experience truly next generation graphics that vividly illustrate the forlorn art deco city, highlighted by the most detailed and realistic water effects ever developed in a video game. Make meaningful choices and mature decisions, ultimately culminating in the grand question: do you exploit the innocent survivors of Rapture...or save them? [2K Games]"
63,Grand Theft Auto: Vice City,96.0,91.0,"['GameCube', 'PlayStation 2']","Resident Evil 4 marks a new chapter in the Resident Evil series. You'll rejoin Leon S. Kennedy six years after his first mission as a rookie cop from Resident Evil 2. Now a US agent, Leon is on a top secret mission to investigate the disappearance of the president's daughter. As Leon, you must make your way to a mysterious location in Europe, where new enemies await. Take them down by using enhanced aim-and-shoot features and a new action button."
64,Mass Effect 2,96.0,91.5,"['Xbox 360', 'PC']","Games included in The Orange Box compilation: The original Half-Life 2 - The player again picks up the crowbar of research scientist Gordon Freeman, who finds himself on an alien-infested Earth being picked to the bone, its resources depleted, its populace dwindling. Freeman is thrust into the unenviable role of rescuing the world from the wrong he unleashed back at Black Mesa. And a lot of people - people he cares about - are counting on him. Half-Life 2: Episode One - The player reprises his role of Dr. Freeman, who must immediately face the repercussions of his actions in City 17 and the Citadel. Freeman reconnects with Alyx Vance and her robot, Dog, as they continue their support of the resistance's battle against the Combine forces.  Half-Life 2: Episode Two -- the second installment in Valve's episodic trilogy advances the award-winning story, leading the player to new locations outside of City 17. Portal - a pioneering type of single player action game that rewrites the rules for how players approach and manipulate their environment – much like how Half-Life 2's Gravity Gun reinvented the way gamers interact with objects in the game. Team Fortress 2 - an all-new version of the legendary title that spawned team based multiplayer action games. The game's daring new art style features the most advanced graphics of any Source-based game released to date. [Valve Software]"
65,Portal 2,95.0,87.5,"['PlayStation 3', 'Xbox 360']","Developed by Rocksteady Studios, Batman: Arkham City builds upon the intense, atmospheric foundation of Batman: Arkham Asylum, sending players soaring into Arkham City, the new maximum security ""home"" for all of Gotham City's thugs, gangsters and insane criminal masterminds. Set inside the heavily fortified walls of a sprawling district in the heart of Gotham City, this highly anticipated sequel introduces a brand-new story that draws together a new all-star cast of classic characters and murderous villains from the Batman universe, as well as a vast range of new and enhanced gameplay features to deliver the ultimate experience as the Dark Knight."
66,Red Dead Redemption,94.67,88.3,"['Xbox 360', 'PC', 'PlayStation 3']","The Mass Effect trilogy is an emotionally charged science fiction adventure set in a vast universe filled with dangerous alien life and mysterious, uncharted planets. In Mass Effect 2, players will once again step into the role of the heroic Commander Shepard, commanding their crew of some of the most dangerous operatives from across the galaxy on a mission so challenging that it's potentially suicidal. Featuring intense shooter action, a rich futuristic storyline, space exploration and emotionally engaging character interaction, the game delivers an unparalleled cinematic experience."
67,Red Dead Redemption 2,95.5,89.5,"['GameCube', 'Wii']","When an evil darkness enshrouds the land of Hyrule, a young farm boy named Link must awaken the hero - and the animal - within. When Link travels to the Twilight Realm, he transforms into a wolf and must scour the land with the help of a mysterious girl named Midna. Using the power and unique control of the Wii console, The Legend of Zelda: Twilight Princess features precise aiming control using the Wii Remote. The Wii Remote and the Nunchuk controller are used for a variety of game activities, including fishing and special sword attacks. Players ride into battle against troops of foul creatures using an amazing horseback combat system, then take on massive bosses that must be seen to be believed. [Nintendo]"
68,Resident Evil 4,95.0,85.0,"['Xbox 360', 'PC']","The next chapter in the Elder Scrolls saga arrives from the Bethesda Game Studios. Skyrim reimagines the open-world fantasy epic, bringing to life a complete virtual world open for you to explore any way you choose. Play any type of character you can imagine, and do whatever you want; the legendary freedom of choice, storytelling, and adventure of The Elder Scrolls is realized like never before. Skyrim's new game engine brings to life a complete virtual world with rolling clouds, rugged mountains, bustling cities, lush fields, and ancient dungeons. Choose from hundreds of weapons, spells, and abilities. The new character system allows you to play any way you want and define yourself through your actions. Battle ancient dragons like you've never seen. As Dragonborn, learn their secrets and harness their power for yourself."
69,The Elder Scrolls IV: Oblivion,94.5,88.0,"['PlayStation 2', 'PC']","The PC version has enhanced features including improved graphics and sound, additional PC controls, as well as several options for players to customize the game. ""Welcome to Vice City. Welcome to the 1980s."" Having just made it back onto the streets of Liberty City after a long stretch in maximum security, Tommy Vercetti is sent to Vice City by his old boss, Sonny Forelli. They were understandably nervous about his re-appearance in Liberty City, so a trip down south seemed like a good idea. But all does not go smoothly upon his arrival in the glamorous, hedonistic metropolis of Vice City. He's set up and is left with no money and no merchandise. Sonny wants his money back, but the biker gangs, Cuban gangsters, and corrupt politicians stand in his way. Most of Vice City seems to want Tommy dead. His only answer is to fight back and take over the city himself. Vice City offers vehicular pleasures to suit every taste. For the speed enthusiast, there's high-performance cars and motorbikes. For the sportsman, a powerboat or a golf buggy lets you enjoy the great outdoors. For those that need that sense of freedom and escape, why not charter a helicopter and see the beauty of Vice City from the air? [Rockstar]"
70,The Elder Scrolls V: Skyrim,95.0,89.5,"['PlayStation 3', 'Xbox 360']","Developed by Rockstar San Diego, as a follow up to the 2004 hit game Red Dead Revolver, Red Dead Redemption is a Western epic, set at the turn of the 20th century when the lawless and chaotic badlands began to give way to the expanding reach of government and the spread of the Industrial Age.  The story of former outlaw, John Marston, Red Dead Redemption takes players on a great adventure across the American frontier. Utilizing Rockstar's proprietary Rockstar Advanced Game Engine (RAGE), Red Dead Redemption features an open-world environment for players to explore, including frontier towns, rolling prairies teeming with wildlife, and perilous mountain passes - each packed with an endless flow of varied distractions. Along the way, players experience the heat of gunfights and battles, meet a host of unique characters, struggle against the harshness of one of the world’s last remaining wildernesses, and ultimately pick their own precarious path through an epic story about the death of the Wild West and the gunslingers that inhabited it. [Rockstar Games]"
71,The Legend of Zelda: Breath of the Wild,95.0,88.69999999999999,"['PC', 'Xbox 360', 'PlayStation 3']","Valve is working on a full-length sequel to its award-winning, mind-bending puzzle action game for the Xbox 360 and PC."
72,The Legend of Zelda: Twilight Princess,94.0,85.5,"['PlayStation 3', 'PC']","Once conceived as a floating symbol of American ideals at a time when the United States was emerging as a world power, Columbia has been dispatched to distant shores with great fanfare by a captivated public.  What begins as a brand new endeavor of hope turns drastically wrong as the city soon disappears into the clouds to whereabouts unknown. The player assumes the role of former Pinkerton agent Booker DeWitt, sent to the lost city to rescue Elizabeth, a young woman imprisoned there since childhood. He develops a relationship with Elizabeth, augmenting his abilities with hers so the pair may escape from a city that is literally falling from the sky. DeWitt must learn to fight foes in high-speed Sky-Line battles, engage in combat both indoors and amongst the clouds, and engage the power of dozens of new weapons and abilities."
73,The Orange Box,94.0,84.5,"['PlayStation 3', 'Xbox 360']","As Call of Duty 4: Modern Warfare's single player campaign unfolds, the player is introduced to new gameplay at every turn – one moment you are fast-roping from your Black Hawk helicopter after storming into the war zone with an armada of choppers, the next you are a sniper, under concealment, in a Ghillie suit miles behind enemy lines, the next you are engaging hostiles from an AC-130 gunship thousands of feet above the battlefield. Mixed with explosive action, Call of Duty 4: Modern Warfare also delivers special effects, including use of depth of field, rim-lighting, character self-shadowing, real time post-processing, texture streaming as well as physics-enabled effects. Infinity Ward deployed a dedicated team from the start to deliver a new level of depth to multiplayer. Building on the hit ""Call of Duty 2"" online experience, Call of Duty 4: Modern Warfare's new multiplayer provides the community an addictive and accessible experience to gamers of all levels. [Activision]"
74,Tony Hawk's Pro Skater 2,94.0,84.5,"['Xbox 360', 'PC']","Oblivion is a single-player game that takes place in Tamriel's capital province, Cyrodiil. You are given the task of finding the hidden heir to a throne that sits empty, the previous emperor having been killed by an unknown assassin. With no true Emperor, the gates to Oblivion (the equivalent of hell in the world of Tamriel) open, and demons begin to invade Cyrodiil and attack its people and towns. It's up to you to find the lost heir to the throne and unravel the sinister plot that threatens to destroy all of Tamriel. In keeping with the Elder Scrolls tradition, players have the option to experience the main quest at their own pace, and there are plenty of opportunities to explore the vast world and make your own way. Numerous factions can be joined, such as the thieves or mages guilds, and each contains its own complete storyline and the chance to rise to the head of the faction and reap further rewards. Oblivion features a groundbreaking new AI system, called Radiant AI, which gives non-player characters (NPCs) the ability to make their own choices based on the world around them. They decide where to eat or who to talk to and what they say. They sleep, go to church, and even steal items, all based on their individual characteristics. Full facial animations and lip-synching, combined with full speech for all dialog, allows NPCs to come to life like never before. [Bethesda]"
